-- phpMyAdmin SQL Dump
-- version 5.1.1
-- https://www.phpmyadmin.net/
--
-- Host: 127.0.0.1
-- Generation Time: Dec 12, 2021 at 09:46 PM
-- Server version: 10.4.21-MariaDB
-- PHP Version: 8.0.12

SET SQL_MODE = "NO_AUTO_VALUE_ON_ZERO";
START TRANSACTION;
SET time_zone = "+00:00";


/*!40101 SET @OLD_CHARACTER_SET_CLIENT=@@CHARACTER_SET_CLIENT */;
/*!40101 SET @OLD_CHARACTER_SET_RESULTS=@@CHARACTER_SET_RESULTS */;
/*!40101 SET @OLD_COLLATION_CONNECTION=@@COLLATION_CONNECTION */;
/*!40101 SET NAMES utf8mb4 */;

--
-- Database: `fdms`
--
CREATE DATABASE IF NOT EXISTS `fdms` DEFAULT CHARACTER SET utf8mb4 COLLATE utf8mb4_general_ci;
USE `fdms`;

-- --------------------------------------------------------

--
-- Table structure for table `dishes`
--
-- Creation: Dec 09, 2021 at 04:30 PM
--

DROP TABLE IF EXISTS `dishes`;
CREATE TABLE IF NOT EXISTS `dishes` (
  `dish_id` int(11) NOT NULL,
  `dish_name` varchar(255) NOT NULL,
  `dish_price` int(11) NOT NULL,
  `isAvailable` tinyint(1) NOT NULL,
  `dish_type` varchar(255) DEFAULT NULL,
  PRIMARY KEY (`dish_id`),
  UNIQUE KEY `dish_id` (`dish_id`)
) ;

--
-- Dumping data for table `dishes`
--

INSERT INTO `dishes` (`dish_id`, `dish_name`, `dish_price`, `isAvailable`, `dish_type`) VALUES
(1, 'Aloo paratha', 40, 1, 'main course'),
(2, 'Gulab Jamun', 60, 1, 'dessert'),
(3, 'Coca Cola', 20, 1, 'beverage');

-- --------------------------------------------------------

--
-- Table structure for table `orders`
--
-- Creation: Dec 11, 2021 at 06:22 PM
--

DROP TABLE IF EXISTS `orders`;
CREATE TABLE IF NOT EXISTS `orders` (
  `id` int(11) NOT NULL AUTO_INCREMENT,
  `user_id` varchar(255) DEFAULT NULL,
  `status` int(11) NOT NULL DEFAULT 1,
  `start_date` date NOT NULL DEFAULT current_timestamp(),
  `end_date` date NOT NULL,
  PRIMARY KEY (`id`),
  KEY `fk_user_id` (`user_id`)
) ENGINE=InnoDB AUTO_INCREMENT=36 DEFAULT CHARSET=utf8mb4;

--
-- Dumping data for table `orders`
--

INSERT INTO `orders` (`id`, `user_id`, `status`, `start_date`, `end_date`) VALUES
(32, '0c975dea', 1, '2021-12-12', '0000-00-00'),
(33, '0c975dea', 1, '2021-12-12', '0000-00-00'),
(34, '0c975dea', 1, '2021-12-12', '0000-00-00'),
(35, 'userid1', 1, '2021-12-12', '0000-00-00');

-- --------------------------------------------------------

--
-- Table structure for table `orders_history`
--
-- Creation: Dec 09, 2021 at 12:11 PM
--

DROP TABLE IF EXISTS `orders_history`;
CREATE TABLE IF NOT EXISTS `orders_history` (
  `order_id` int(11) NOT NULL AUTO_INCREMENT,
  `order_price` int(11) NOT NULL,
  `order_date` date NOT NULL,
  `order_qty` int(11) NOT NULL,
  `order_dish_id` int(11) NOT NULL,
  `order_user_id` varchar(255) NOT NULL,
  PRIMARY KEY (`order_id`),
  KEY `order_dish_id` (`order_dish_id`),
  KEY `order_user_id` (`order_user_id`)
) ENGINE=InnoDB AUTO_INCREMENT=4 DEFAULT CHARSET=utf8mb4;

--
-- Dumping data for table `orders_history`
--

INSERT INTO `orders_history` (`order_id`, `order_price`, `order_date`, `order_qty`, `order_dish_id`, `order_user_id`) VALUES
(3, 3, '2021-12-01', 1, 3, 'a7b06900');

-- --------------------------------------------------------

--
-- Table structure for table `order_items`
--
-- Creation: Dec 11, 2021 at 04:11 PM
--

DROP TABLE IF EXISTS `order_items`;
CREATE TABLE IF NOT EXISTS `order_items` (
  `id` int(11) NOT NULL AUTO_INCREMENT,
  `order_id` int(11) NOT NULL,
  `item_id` int(11) NOT NULL,
  `quantity` decimal(19,3) NOT NULL,
  `price` decimal(19,3) NOT NULL,
  PRIMARY KEY (`id`),
  KEY `fk_order_id` (`order_id`),
  KEY `fk_item_id` (`item_id`)
) ENGINE=InnoDB AUTO_INCREMENT=26 DEFAULT CHARSET=utf8mb4;

--
-- Dumping data for table `order_items`
--

INSERT INTO `order_items` (`id`, `order_id`, `item_id`, `quantity`, `price`) VALUES
(18, 32, 1, '1.000', '40.000'),
(19, 32, 2, '2.000', '120.000'),
(20, 32, 3, '1.000', '20.000'),
(21, 33, 2, '3.000', '180.000'),
(22, 34, 3, '2.000', '40.000'),
(23, 35, 3, '4.000', '80.000'),
(24, 35, 2, '2.000', '120.000'),
(25, 35, 1, '5.000', '200.000');

-- --------------------------------------------------------

--
-- Table structure for table `users`
--
-- Creation: Dec 12, 2021 at 04:05 PM
--

DROP TABLE IF EXISTS `users`;
CREATE TABLE IF NOT EXISTS `users` (
  `user_id` varchar(255) NOT NULL,
  `user_name` varchar(255) NOT NULL,
  `user_pass` varchar(255) NOT NULL,
  `user_image` mediumtext NOT NULL,
  `isAdmin` tinyint(1) DEFAULT NULL,
  PRIMARY KEY (`user_id`)
) ENGINE=InnoDB DEFAULT CHARSET=utf8mb4;

--
-- Dumping data for table `users`
--

INSERT INTO `users` (`user_id`, `user_name`, `user_pass`, `user_image`, `isAdmin`) VALUES
('0c975dea', 'Serial', '12345678', 'data:image/jpeg;base64,/9j/4AAQSkZJRgABAQAAAQABAAD/4gKgSUNDX1BST0ZJTEUAAQEAAAKQbGNtcwQwAABtbnRyUkdCIFhZWiAH4gAHAAgAAQAvAA1hY3NwQVBQTAAAAAAAAAAAAAAAAAAAAAAAAAAAAAAAAAAA9tYAAQAAAADTLWxjbXMAAAAAAAAAAAAAAAAAAAAAAAAAAAAAAAAAAAAAAAAAAAAAAAAAAAAAAAAAAAAAAAtkZXNjAAABCAAAADhjcHJ0AAABQAAAAE53dHB0AAABkAAAABRjaGFkAAABpAAAACxyWFlaAAAB0AAAABRiWFlaAAAB5AAAABRnWFlaAAAB+AAAABRyVFJDAAACDAAAACBnVFJDAAACLAAAACBiVFJDAAACTAAAACBjaHJtAAACbAAAACRtbHVjAAAAAAAAAAEAAAAMZW5VUwAAABwAAAAcAHMAUgBHAEIAIABiAHUAaQBsAHQALQBpAG4AAG1sdWMAAAAAAAAAAQAAAAxlblVTAAAAMgAAABwATgBvACAAYwBvAHAAeQByAGkAZwBoAHQALAAgAHUAcwBlACAAZgByAGUAZQBsAHkAAAAAWFlaIAAAAAAAAPbWAAEAAAAA0y1zZjMyAAAAAAABDEoAAAXj///zKgAAB5sAAP2H///7ov///aMAAAPYAADAlFhZWiAAAAAAAABvlAAAOO4AAAOQWFlaIAAAAAAAACSdAAAPgwAAtr5YWVogAAAAAAAAYqUAALeQAAAY3nBhcmEAAAAAAAMAAAACZmYAAPKnAAANWQAAE9AAAApbcGFyYQAAAAAAAwAAAAJmZgAA8qcAAA1ZAAAT0AAACltwYXJhAAAAAAADAAAAAmZmAADypwAADVkAABPQAAAKW2Nocm0AAAAAAAMAAAAAo9cAAFR7AABMzQAAmZoAACZmAAAPXP/bAEMABQMEBAQDBQQEBAUFBQYHDAgHBwcHDwsLCQwRDxISEQ8RERMWHBcTFBoVEREYIRgaHR0fHx8TFyIkIh4kHB4fHv/bAEMBBQUFBwYHDggIDh4UERQeHh4eHh4eHh4eHh4eHh4eHh4eHh4eHh4eHh4eHh4eHh4eHh4eHh4eHh4eHh4eHh4eHv/CABEIAY8BjwMBIgACEQEDEQH/xAAcAAEAAQUBAQAAAAAAAAAAAAAABgIDBAUHAQj/xAAaAQEAAgMBAAAAAAAAAAAAAAAAAQQCAwUG/9oADAMBAAIQAxAAAAHsoAAAAAAAAAAAAAAAAAAAAAAAAAAAAAAAAAAAAAAAAAAAAAAAAAAAAAAAAAAAAB4eqdabNovWO89sXk+hIAAAAAAAAAAAAAAAAAAA1Bfg2gojXRXYul67anEZc47PBLVmh09TVo6IAAAAAAAAAAAAAAAAAAHnKuq8iRhW9pptlLb4FdqJy+ncyyNNubcnmEf3VeuZ/NuktnowsAAAAAAAAAAAAAAAAAAec56NAUQK/rc2dGVcqqywu+U2sMthje0TGn7hxKZ2afSHntXrAAAAAAAAAAAAAAAAAAIfMI9DjNNy1GMiu6XcbqlHtu9E+Ue1oxcHe4OzR2TJ590DVdqGO8AAAAAAAAAAAAAAAABr9hRDgNnNtYxdybd9F27VI4y0mZY5adcsch3k47zuHD+q2qEjGjogAAAAAAAAAAAAAAAAPPRxPE33NMW/s4/T4butVWta/EzsffW5Nv8AoMN3U57JYtKG2t57G4AAAAAAAAAAAAAAAAACKck+hINjGzsyrU688O75b02LWt0Ew26JPEJhzXHXl67a7rmbcaV85xOrU6n7g52/aDIAAAAAAAAAAAAAABT5HdE4cYlMX5+zoeHhQTpapNjbL3RasbOK6jLHtPNOlcuu8qNbfWrXEm9yB73z/fsT3C55YjuftNVuyCQAAAAAAAAAAAAPPPdFgwb2FieetYUVox/UeZ718+dq45U7mBVVVsnKpw9Ni+luXzjnGznWlWP0+Lfpt3p17DV5UjpdWa7aCTvX0vRjvAAAAAAAAAAAAAtwSX2tUweKbDAz43nvkp31r3POocT5Po9vet272NdVm9DoGluTfg7+ex+R6j0fDxthR7doyTp0NmtTrcY7XyTo+zXuRo6IAAAAAAAAAAADz3Cha9ya8ceZRqf8/vcH3IxmdSVcz3eq4XrrlNi5d0+3LVSdjLefyCpjj6/a0d3zWBY3VzGx1bYsrn97mEoj+8tUJaK/SAAAAAAAAAAAAp12VTjF+3XREablfYuOWuV5Zu2rfIimfFpHzPWe37eLjOf7QPb2NVlr31Vm71vI+73QynVb6TdxMrmemgGbrdvb58v989rdIJAAAAAAAAAADyGDla/KjG7RqofOGxgN+xf4Pus2UXywj27xa+b6XY2faoZFHnh77i3jbbKOyDo+b9kcancp57Q5vo+VT7nHRrfP34r9IAAAAAAAAAABiZeDDFrymOOrg/RI7lr5NstVten5pCJlBK/Qyqblin2r2bpdiXL2PchRkUixI4lvLFDezyB9Bt8mZ4+Rh8z0nO5fGJJb58see1+kAAAAAAAAAAAx8ga697q8ccWq7ehzPVdK5r0fN2IH0HW1+rHLeBVo6Fv2uxMyCnz3CL3lHpcr20Gyjo/QOSdZt8Wc2/KqXaj8ZmvOrXP6/VTVX6ITIAAAAAAAAAADS7qiGnxMmI442o3L9Wxi8kiGdvq82tyCP6r1y09lnZeFfxjKu41+GNd1PS8pTaITTDKS7LUYGWuL5PK+rXOX0mqmqp1gkAAAAAAAAAAApq8OUxPaxLfy+rbbj3a+f2ucaXsvKc9cVivVOcbcMG9ayU3q7N7GL2NRiZTvZjjYuqzupzyzpU65xhZlWWj576Lz3oV/jdK989p9sAAAAAAAAAAAB574cJwZNFeh5rS9t5v0yl1Ntznoseo9rlev+iLtmr8kvpOMS5FZ6vSx5Fndsz88Oe6HsmRr28U6hurs6siGbyC5Y6bpfNe52udvaqaqnYBIAAAAAAAAAAAGFxHvUUx1cb63yfp7VtdPlx6n0pzuONyW5Vnmku5EK2NcI9hSPQSt0WsudeZi7iPzHmrkcVp2NH3/AIx2jpc2oaeiAAAAAAAAAAAAB5HZF5qnn+NMI5Q2+QuSX9ezE6fi5vVp4uu3Y1ewt6c2PljJlFNH0flUTLL/ADPomO2mEdD54q9Dl1NW6fRG0AAAAAAAAAAAAADzyryEA22dsMWV7j4jHZWWGX9bjDcZGHkF3ifa4RG6NbW9bRuIHMIhvodv989wuAAAAAAAAAAAAAAAAanaa7Y4weoi3qtyNVrd5jGRexcgq0250JY1W4uROihk6g+zT3CrQ72c6hGwAAAD/8QAMBAAAgIBAgQFBAICAgMAAAAAAgMBBAUAEQYSEyEQFDFAUCIjMjMVJCA1JTQWMID/2gAIAQEAAQUC/wDhKZiIbfpr1/LUNBlMeelsBkfF3LSKinZq5Y04+sS+lEREc0JGwyu1+Ou03hZR8Tk7i6NWSKzeuyB3RQyWcnLqsK4nG46Afm8U+T4VucjvieJWzGTo/ZrV0RDHNhiIjsoCYwPL0auZa4KpSde5TeNmt8RxKvbMrZAtD8FsCK4dtV2sUwpkyXZ5ad0OdXCdvYviOJuReTW3axktg0K4JkQO8aie8zEC2RkFGVW1VcNhHw/GI/a1+/Q85VimS1669dLLRditDrhO33+H4sHfF63khQ4GanmkRjfRem0cszzTP1Qhh1LVdouT8NxEPPhp9E94X9JTtDY7aL8giZM1bsasYXbVE1uFLe4R8NkA6lGO8JjbURrfcR7THoqObXRdqUO2ZEBFdhUbyWC1fwpRvHLtoR2mO0AEyKlQ0kUeXXESHxjSWca21F+1C7LXOHh+u6vjvhr48l5YEcnkEidCnavvAQUE9tPUbEX6Ne6N2i2nbxWMbb1jcRWpzHw+YV/y+VyPmNYHH+dMo+n8gDvqyZAgbSwoVMWJ06vnsY6hmqlnUTEx8NmsTGRE8EkruOxSqlQk8uQiOVkacQCeKrQ+9qwmZv20V3P6eSxc4zNV7fw06iERxNp/7yjT3AlUF52zhW9VuuILDa2WxdlLtTrI41DtU8raoHWsKsK+CmdZLIxMBMk6naVaCyHNZsXGqY6kbR25tYtsed1xFG+ThcRKb1pWql1NvS1LfTcmzi3YfJBeX8BM7Q502dWZCRxzN81bxKmttFTi9XkATyTzX7/TjES1WT1ny3ynhtvqlkekUwDlYtk18jHp77fVmx5m5rNW9hxU+XvTO0ZaTbdWI8sG+NC9uobPWpHzVsvPNk/GY707JVdXlyB4l3Xx/vsza8rUUIAVvIIRqZkpZExrrw7EZKNr35RE6NqwhrmtLEP59WWda0lcOtpmZUZcs6D8eIKfSxvCT4Kt72Z2jKiVircsSnW0R44dseTl3VdH0FphTAx9I4I5PHJxd0BsY54xWsQAufzGP68Mnr3rCgclBsxuUHvHvLc80WBiTypT5zwp16D1wpFVdLmXaKIIQLfQ/UzXDbNmztEX7s2bSRHeZCbTT2PhdXdbQYXE6+TL4ZnVxfvK/wBxlvsHEyuS14VnGh2Wsh/COXzHoVk1gRyjrHO6F/OWNjNcFFk2CPJYIDX0G4dPQp1g5A4vj+7wwW+I93aMhBYwAT3jLo6tLwmdoy79uHN9ROx7zGo9Neurx+YGNCMDGq6fMX1x9vXGMfc4V/1Pup0H3LOmTMBZmGCUbFpneMo/q2N9M9I/wrO+/wCkeGFj+0ETtrjGPtcJHM4/3Vg+mlIdNWp1aGCQU8xaKeXUlzP31Gknys8Q7CBc4+HDkwD68mS9cYH34TDlxfurH1M8J1xDkhQmOw6yh8lMxkNb/UOjjaxqZ1v3Gfppl44Bcts+HFLObKYAeTE+6SXVtMYtejvBrK5h06s1YQPhm2d7MbqOdlhOin6YnU6WW+h7QB9Nnhwp456N7XD5c2I9zZmYXUHlLrCyXghS8w+vKQn73hcnrXWd0x3rVi3VHfVYt1HO0IjZOrc/Zps6tfXCn4aszsjiaNi4Y74j3Njsxf4iMDDnAssuOOlVP6l6aXIuvP3o7rT+msW0iccwdmHtMeF2e2NGUxrhX/r6sRzlxaOzeF5H+K9y5cNBBFsU8o0gnTTCwF/HBQ8GhDdPWdd4zzQqfqPsa55Tn8fUvCrW8zdv2oHJBMEPCc/a0MfVxGnq4rhJ0jaj3TV88E+dXwN0LrgseIEwWO0oCZe4gRzIA5HSp+4/9mgncd/CNSwaVcikix5MWnhfsLThYBEwOVmIxvC8T/Kx7vIpI4pmbU5S55RL6dWsLBAlDP8AYy6fNYsxkS0Rb+Cz3Hfvv3Cdptn9OHqeas5KIJWA+3WYUNua4oykG3g+I6se7n0QYhQxjPM5iA6s5MelWUW7rVlyq+ZVs/xTG2o1HeTmAAykzx6Yp0ZDdC46a8WuRr5209VFH7+Dv2R7ufTiNjahYzIFUdj7K7deEw1d3GShhB5jRczqHguO8z20udtPnfWFr9e7fZuddnUP1n100OsyFQoeD/2+8y5+YyFqNYW55K5SLnruGJjJuGjlGqAytp6NjQlHIH1THeWM1PecKqK+PItU1HaUhpsBI9JYxAaIoJnB/wC33j42suULQak1aw8zGIL8eK8edyrVRmKOsyIH4+gMLtqmjzD7JnAWQtsKui3UnB2kLprsynXFF9xQvbk4PGd495xXSOvbU3fXrrERH8VvEjkJGKKMehOn0kOF3DGJbqzwWqZ/8XCvA18Qkk8iteeyA6HIZPUXslqbuS1Dx85Ug2qyom5yI3nC0/J0feWUrsJy+ObjbEukIw8lFB5dKjmFkZ07FgxGSnTYIgKvkYlXm4UYPYOQrDUAGMCH3shBLt5Iyn+aiLRWytXrcpQdYJs1ogrI+nveIVw5VlMrLEWIfWv/APRtZXykFxlZDWMzuQvDFx8wt9o5C4wjK2wYY2y4nVnJ0U7aSuuzSMdAR5XIWr5pq4daGSqpw7X6uTj32X+jV6mq4GIUSqFmeozI0nW8lhsHW8xEREPSt4BXtp0lfM6IGNNtIXMEbhyFMlyDOnrB5eLuswJ+drVUjq/YBwcOUCqV/fnjq2+WrWqoi4SUqP7VRXRT47/eyBGbqlQEwyyhUzC7CbNhTIwMyo7lkXir8MDH/J/AzqaEJyNSkpdzxJm0LnmaznZeTXheuUfDyX92jUlaZXzQkuZOB/2kenwN9kJfWX01OaCQUxztQGrLCUGJdYc942/5VTbBEZFE6sytGZbE2j54YnHzvSwH+0j0+BbEMv8Aic7D5YnnXXyPdbJGUUwGj4StVlj6wJPIVy1h43RQZ5TIx6fA2NosR/jEjLhR/fYmJOJ8P0vBi2WckOy6f0szC+nk8G/zGN/9f//EACwRAAEDAwEIAgICAwAAAAAAAAEAAgMEERIhBRAgIjAxMkATQTRRFDMjUHH/2gAIAQMBAT8B/wB+TZA39Yv+kHgoi6aTBLiex9UlZHVQtLe26rjzZdU8mbL+oQnNsbpj+ZSP10TpLhU7/jkx/fqkKRmLtFIFjduimgd3Cgk+Rt/VxuUITldFuKNj3VNyyuaO3qjuvpOUwkJ07KIMHj6rO6JsichdCUR6lOijnF2p2cJ5+yDgfRDS5PxjbqmnVW/akcLWVa7GNMqpY/Eqj2mybklVS3+M8Ob4lX647olsLLuUtYZpb/Sb43Vyh3W1eVlk6AtjD1iRzJj3y01j9KnfnGD1xoVtWpzfiFR0n8k2Dl8RhjDDvkpo6hnOqp0Lf8Y7BSczQGhUcdotVS8kjo/Q2hHi+6gkdG+7U95cAnXtogqiQtpyAo58fLVU9Q6STFAWFkz8o+htTxCi8gm9t8zc2EJwsbLZ4vMNw/K068kgYLlV0xk7qgZlMOHaMXxyX/a2b/dug/Jd15W5NsFV+VlsmPu7h2jD8kX/ABbL/u3M0qj6G0osZLrZotDwkX0VLTmKpO6o0qGEdeyq6RssWqoW4stxSQBhujoEXZVDeuKsmUhQyiRqdG1vZDgpY8nXKnfm7dH+QOvUwvikyC2VOZCQj23udijM1Nq+XEISAlTl2GipmF01/wBdeSAS6Kgg+J7h9p/jwlgKDLFBulyqEaud1wbFZMc7L7UnjwgXTm4uW0JXNAjH2ooxG2w9G/DG7FPfk662l5sQ9cd1tNnIHj6Ub8m34v/EACoRAAEDAwIGAgIDAQAAAAAAAAIAAQMEERIhMRAgIjAyQBNBBTMUI0Ng/9oACAECAQE/Af8AlrLFMnbMb+ufCErFZGOJeqzom0QimHVStkN/VuhK7IVko5G2RjiVvWeRNrwk1Fnf1XdfaFCYDund339R3R7JmuhbF1UQvMNhQVE1M9nUNRHO3Tv6Uswxjd1CZ1Et0XAd7qDyUlLHJ5Mq38YcPXCvx1QVQLie7egZYtdEZ1clhVLSNBFZO/8AZZWZO12X4889VncrJ9dE0QRz5N9qRrF35GyGy/GUrRBd91WVn8Ubkypp2qZCkZX4HVzUc7iH2qP5iHOTdNpupi6lLqLF6FOVxU0Yyg4kqKH4hdMtE9OJVIE6cL7IwxG6d0/6fQpkWyfiPkm2U/hw/wAe+I5OoAYVM9h5aY7iqjx4H+pu+GhKPa6qX+uWnLElU+HD/HvPwpjyFVD9fKymkyj4Rfrf0Ip8SU+pcwnlomTNjE/feLpRjiSE3LdNySOhG3B/1d+MmIbKsDFkD68mK+NOKj8lIXR33l+JslPM0os7IDb5MeVnWSqJSGzCpdGZu/LH8gYqKCWDpvdlGztVcrp30VPAMhZv9Iiye/o4tfldfSpPEvXfhRl1Yp2s/N//xABJEAACAAMEBgQLBQUGBwEAAAABAgADEQQSITEQIkFRYXETMkKBFCNAUFJikaGxwdEFIDNy4UNTgpLwJDQ1Y7LxBhUwc4CDk8L/2gAIAQEABj8C/wDBKpjWtUr+aK+Ej2GNW2Su80i8jqw3g+bOknuFGzeeUMbFJEqUP2j/ANUitptkyedyCo9+Huigs/8ANMPypFbie1vrCSejFXNBrH5wcwyNSmxhCTpfVbzUZz8lX0jAa1+OnN2OzLHH6e2FQ1KrReHduhlC5HMxS+Dyik2ZMp6Qxp3RLtKz1my6atBDz5QDLUtniINjc4PivPzV169Go6NfQO0w9oOZwWFNoahOIXaYDC8VO6LwxHwhUTrMaCEltMVEUUqTnCPIeilqMRui+vWU3lMJOTJhXzSaZzFX6R4MvZXPjEydMbFtS98YZZNaDCsYQWlkKd+7lF52LNvMTLNM/CI1T6B+kXxmuPdD2NjnrJ8/NNmnvlcPuP6wJvrVhJS5DGD0WEsbdkYVOgE5RU5RSFeWcZZqIScnVYV80WaZuYj3fpoEybgksUPGAeqCa/lEBylBv0Y4RQwYDgZZw9jY+snz80A+jNUxjAUHVzhJV2mEMHpezpFN8COO7RSkLMU4y2rzELNQ1VhUeZ7RwF72GDBgNuj88YRhsECmVYCrkcTBIzEJNUYgY8oayMcV1l5eZ56elLYe6BDD1tAXdlAjWjVBb8orH4E3+WMZDmsXJiMgOFGWkLMQ16M7NohZiGqsKjzNTfF3dhB46A5oqntOaA/WAssTZx4ai+0xV7gPqi972j+zTrSZnSKAofP2QRMZ2mDr3q4cNElAfHS/w5g649XjEtJ4ltaR1mRc9wO8wsuedatabhu8z2hd01vjBC7MSSaADeTBWz0mXBVp7DVH5V+Zj/mE12VFxUtiWgKihV3RWGmtQXKTFUc4ImrrbHGYjomCuBjWvWEN0N1fTmNAenSTPSb5eaLTrBEFHdzkopnHg1mqlmBy2zDvaKN/d5Zq/rtuhkUU7IEasVMLKSpdvF7hDWiZUuDdVd5iZ4YKz5+LH0d1ILywJgycfpF126F9zfWK18zlTNKK1LwA61MsYm2WRMm35errUxMS7OrHVHtMU7Cre74YbG1oMBnyli9Ey0zK3Va9LXZjt0Tdi1BrCWcyVJpVm2gRess0zpAzXd3fSAj+KmHYcj5nrKI8YvjOLDQeQi9uxgzHOr8YNttPibKtLoOZ+sT2uMo1aVFMMdCzJLU8WKrsMNVgLQ2LIc+7hoM4N0LDFiBgYWz2xS6VwY504b46SS4deHmQybPMHrTAcuAiT4MR0ks1AisthUdZdqwxF6oUYXqQEWVLmseyrkmBNt866BlKXGnCAbt0L1ViZJrjcroruliKnFt8YTb49F8ffHRsLjnsHbygSZyBguqQeEeEWaYej/rAx6E1esvmKg/A/wBf6QEm9VsL3omJcrOXrLXeYE7HpB2lN0/rE+zW6daqXgM8COMAWOQAtMGJrF+YSzfCClnXpH2nsrEq3T3N5mumu46Jg3AD3fc6K01IbHpPrBGDI4pziS1aUe6fh5hazKPEyxrn0ju5aDZU6zDX4DdEi8cBMFNE10oWqCQdoiq31/ipHUVx65jWVFAyC7Il32OMwCBU1ZdVuYi0fnp7vuA7oLDFO0vzhCf2iBokzNpXHn5eSp8Y5upBuimAEMgYPOHYHzgsxqxxJi8MRtEdOh/ElYHnE507L0pvEB1PfvjHAxi0eJRrvKEOycobvpE6YO1Mb4wkt5rS5d1mYrwhSa98IPSamgxZpgH4eq3Iw9nJxRq9x8uqcoe1EHDWlj1f6xiZdOMyWtwxq5afBK5TbwHq5/GJ7D963xinZbLgdFFzbAQFGQhADR5TEDhu+MFT0TYnG/DzbRd6IJS4syl87jwh0OPR5bzEm7leOJHCKi9n2oRTkuue6GlTBVWFDGP7N7rcRFfLRJGczDu2wF2FYSR+4F3npvrKNcirMTQxMmSpSpRSTSJktu1jBByi63WGcFti6o0TpJ7QvCKnAQVGEmWtRxO+OlpT0eAhBe1lUmkKlDiRjE2cfyiHVTUoaGHPpoD8os7+pTy152zqryH6wJnoH3RKtAymCnfpExMdhHpCJ1oQ4MlB34Qjrgyn3aAENGoYujZhXfokzDleoeRhLJXrC83GG2FhiYdKqQBiQOME1QM3DFREuYXrVsgOEKpz2x+YkxIbfLI98S+BI9/ll1Ou5urARcgKCKHKJtlPXl+MknfTTU5RY5eRmvUjkToKnmIqM4x02W0j8TotbmDQ6KDRZpZ6oe+3IQq789FnPBvlC/nbyxpmyXqLz26CVFTuhb8sq1aUaCNxpou74lSuzJ1e+uOgMM1x+70PeD/XL7jNSpuUHeYxz26LO3rEe6GXYsw08rZ8yMucKm7bpauzGCw2mugucgIvHa1dLSTsxHL7kwjMlad2MBhkdM6c/VRPfF58Cdm7RZ5fNovek5PlcqX614939D7hs8khpp6w3CAND+thCk7cYHEaEf8AhOmkd5gpuxGll2YV03fQQCLOPVr5XMfsqLq/ONdwI1ELcco8Hs+o2Rb6RL6Vw02ZrEA1oOPHSkvvjlAbdoPDS78YAhWOVaabQeWmXO/epePtMWc+rTyrV6zYCHRcFQ0giRRj6VMBF+eZj72z/wBoKSzfvZEjKJdMmvHTM4ZR3VjujlhoA2jCDC6DzhW25HRaOY0Nxwizfkb4xL5n4+VSScr/AMoJ3kxdUADcIRTizmgURM6ZV6VVJFBQxKfdXQz7hWDXMxd7opBG+KDMQTsaCN8U0KvfCo+cxb1N2if+cfDQksczFmw1LpxhADUhjXh5UUbIwZczrrnx4wTuhrZaeucq9kQUZAU3GF6JiZTk0B7J0LJJoHNIKP1lMYQw74MAxhC+3TQ9RBVoY0rdwHCAwyMTx6wPu0Fu6Jh2y9cRNkbGWvldRqsMiNkGVMWj1Aw28YlyZeFTUncI2nnBIpVDeHz0SFGdcIE8DWTA8ow+4IJ03F/FOLcILHM4wgmigbFeUE+nWC52QK57YtN7LozC8ENfLOkl9dRHSvm0C4vST5huyk3mPCvtlzbrW2SHqjgBujwmzg+DlrpGfRN6J+US6Z3/AJQ9rlZsLs4bm3wVOYw0CugJpDDZlFK4tGt+GuLfSKDOXjyEWau0fGFkjEJrNoH2dINQD40/KLQdoA8sJiXMJ1RLDRa7XNNfBkpyjwiaKzJgBPDhE0y11JoCzac8GiUfWJ9xibKR6IRecb6GBOXqzB7/ALlTopFTFTGtnS80OG6z9aFC9kCOkbrTMYnNZlbUXWcbOUCudYtPJfn5bLslmtM1UpUqaEDcItUq0HUtWq70xU5VgTEINNVqb4YHEHCh2wJ0iplqalNqw4U4XCK8TDyHWk2Rj3aa7opt0Yxeb+EQCeqmsYEobMW+USk9YXoC7WNIujADCDJ/ZhCD3wBtv0Ji08l+fltpY4i/d9mEa3XHvEAt+C+Ez6wH9KK7YaTMF2VM11I2Vz98LNGY27xDy9gOHLRSL0cooIxjpW7eseUNMfM4mA/T3EvVoudeMS3lU6VsBwMLLqTQUqdsE95iYymqmeSvvi08l+fls9TgRNf4xRvbGOI3xYj/AJYrBiVNs635qNSg2gxdnWG0GVuu5coSch2UYEUOkARdXLQsu9dB27oWzoylLvZQwZaK93aShEX5UxG3riKx4S+M01pLB6sFrRfaa3YUYJwhbKrXFYVZRu5wqDO9WLS2zVHlvhifhTetwb9YodFnXZciuyCmyZRPbHi2nj/2mCs0Xwcw2MU6C7xTCP7PbGUbnWsVm2e02n/tTFih+xbTe/zmpAMn/h5BxoI1fsciP8Lb2mP8Ob+aP8NJ74raLFcuLVXg2qb1pkwkCJ9sBXoUmiQN5oIvdwhJZ65xbn5a0mat5HFCIutrSmPi338DxgNsiQjChC4jviYwOCqYkouVC3ygVk98YikEI9w76Rq2wNzFI8YJTPzp8oo/Q03UrAcKvRlqsETqetT4iLqOyUw1TXj38N44wOhEllPDI/OuyLptFklHc63Yw8GeLlpQCXd1abcoWz2YdJa5uqijs8TFl+zutIsx8YfTc5woQYGbgP4vL0lFL969h3Q8jE1FVrAtOQulvfCST+0oD8TCFkSbNl6gVjmKdb3RRvs6X/8AQxflfYx6P0zOoPhGrJlM21RN/SP7qqj1pn6Q6dCKocdaMZK/z/pCEWM0Fe1BPQXJOzXrd4cvgYNRhtDYc67sc9xxyMBG6csa08YRWmYI3iPFz7VK4CZ+kTLJPtUxJcoVV7oq6kwxl61oYal41Zv0hrQTVll1rvZv94lDsy9Y+XyJx6iMb/CozgNW6+aOInWaYLrhmw4bIlH1CfhFJV0BZYqzbM4DTQZ/R4m/lXlFBFyYoYR4ueHHozMffDTZkq45FDjUGMoo0wXtwxMYSqKf3n0i8tTyzP6j3jCLy5YdU+yny3iqmLkwqXywFMYs5SdNlXkYEoaVpQ/WJj3S73Sbzm8TEmz2caiAFiO01IMyaPGTPcPMF6WrST/lm77so8Js7PNVRrDtAfMRY3qNcEe79InYVN1O/OAm3M8/uXfVrHQJXLEDbFSBe4ZCKPNWu6DjVWi1qjVeTeEwH/VyO3ccYnTw4U1WhbLrDOLO10q6zrrDdVThEz8hiyDj8vMfR9FWzm+yhjeGQwp7YrLRUVcWA9LZ9zInlBe4y6tMYmSkmGWQim8IqZs2Yd7tHVHs0faLmt6WrE0iSaMC7dIKbsh31J+ELcYKVKsNzUyHxpuyiYwyMon3RZefy8xyJhFesAN5gBsWzY7zF9zQRVU6Nd7ZmMak8YLmZLloOFYmtMmVSmqtIabICsFRRQnnFJllKcekBigls3Go0W2/gsyyXo8JSl8iiV6pT0TwiYccmDBswaYg/Pfg0Lxs/wD+YsvP5eY5St+zUzBzy/rn9wmhPCA9qNQOrLGQhj6Q9grlDyxLvKUUnfti8jVGkzZstXukqlRkISdLF1LwExRlTfDzpWEwLRxWl8fUbDElG/dU90S2b9lMut8PMchttSvu+8aHWApSGtVc5YUe0x0iakzfv5xx0GXd1zUpVsGH1g2WXiRRppqaDlWJjekh+EJTlE8bGasSnOYF093/AFP/xAArEAABAwIEBQUBAQEBAAAAAAABABEhMUFRYXHwEIGRobFAUMHR4fEgMHD/2gAIAQEAAT8h/wDZB7bCcAABd1RacABPZFk7NoijbKuniFiB7ZbNeIwC6GwCFuOZh3W1mA7OhCapsXngXZuEQgls43ci4HAWJMi1uBx7VPCaAzgJ/sj4jZ4IuhQkw0U5EWBSsI3TQsHmYEOcgO+MlUJui6fFqKrU6ulw9pNFTs80Ekzo34hA9uPK+0Z2FAzxpKqXHidSEE6zFVgycm0wyk8EJFg45eKbsvaDRHY5MZn+Fo20HMwXMlG7JWFd7pzCRBCJsQYCJxZFn+Zcp4dyag2omQSDaG4e0gDDhsYEIYOIoZrdaiSAOgqjBiRVMZuIwAg05RCKIYnNxuEet2ZW9ngF35uTJVQtKK5EwbU5ZTvlLMoh10TkqCV6hABXbBC/hKY2KghT2du/6A+UWYmhPs2AhbhtFoREqwwBAFBEC6os8/QiZx7pmLJ8SM5DVovZxkM7PQFDAyYUKCETVUnTOQNSBjlKAhhWAiSBZypglRIUDUd0IoKKKpWuOaqN4qj2a9KQDrJOMMuE5yitdMANKoXcGcokW/YZYXa+VCMSjAplfJCC2kaeiaIAT2YBCljJzyvPQU40AOOrEHcjL8iCxFfuB7IAM69dzwiR1XDDQBDIQpVmpPE0UOxanbFtVk+aFqDjYUPlVPAD61PZwKP9h8pliHhBAJ7/AO4sEP8AbWQ4ZKhIQBNA4A6MSxmjNVmm2jd+lQzZQINgDEGuS+7J0ANqmi3s6yeEwLJZ0asPwFuWFlGsQu4yBRgAanLqjIKhAexCdgDbBBZhVx6OfpQIhuFRFUIfh2hWbx8kbGDU8I2AEYqPZrgFkSeRPgmCJMdZqUzRfwTEDUKGQQWAk3OFMFhrdCQXGLIwrEmcLD5QwAeUwP4LJB35yChSII1yOETB2ZofIKInQKEh/ZaVlT09VfGnBjLT9ypYqMZ8lcgRSSrYhkmmbFEeWDNEs4GuFLUXNQipkewBbNwMYZNzCMc181wAlagYmXL2MARkQU60LnwpEZGOAordqvmBCITECYQXUUYgggaaaMBK2xNhapyAhHr+8LEhDujZh6fqmIMe1UhkfMSdy61LGRB0JFSN7eXVFwIAFXuMkPYBEJIACqKOjf30QLiDM6DRDOsWnsGeyH0Bjd1RnZOBphWRARZRSfzFnwRGr/1jdG5dJrccGy4kIQOqwSy3bmsJu0gCr+5cQ7vYAgFfKGZ9jgA7uGw5QZSYI4IBCSwAcom+MGA6qvYAmlQyYKAGRGRxtOpGezowtZXIT6w7AcQnmVSJA3fgKqtzW6d8wRoQe/r2UBzEankJR7cdKHbytSeBj4I1c11coAQbJ01P2NSCaPJmrMN2TCYiIQagocHKEp/hhAKhCx3ubyQMBDqT+6WMQAx5ozxEitRFuyKzApvCYyjOZ2xHhUTEoFPWjeAAqTZPQUqJA/JlHp1pHZ+6EJEIOihiO4mxQDhAhjjYz4OQ7QgFAjBO0xPV2IACSoPOiPo7zYhqNkoiHQQCAFvDoGEaOqbiNiSghLm2tWQ3jcI6dO7ckYCBgyPWWTj5HZXvjmiAFAyta4Z0j4PA7zTv4JSdROANGQIqhgtQMjAcBzZoizeRuihkFHWEHyERBACSSaKCtOeTTq2DH5HNOhdcFKVfICg5nCOQDHKEB3/wTwFywuUesNFV7u84drIGIXD5IF2SdtOIE/4YpS8K1IQnF2uj3dApCmKA4O4/IRT4PoxMW0w9jwN4IW2ICLQIaChk7QSzw1gRW+gBghmKw4Oqp8pxxK5uU0w2DymJ/SesETNoDPkHKDqywAJUIwXB1gyrwBaCfsOuQ+wFUjEm+d5oEOtQjLCDJ0bE+B/CR3TGBFE3iskm54F8SoOiYwHSFmJhNgx9WQATN8B3gcGIOIczpvbF9AorXU4AasKdEcKWoMCMpgTh8kBdMIcFxxcYIwcnpHr4IUAOLwjdhoIQY5VOGaB134RFiALWfVsGGEMbEJ4chOI3KOvBAgMQNCF4BBetHvTjrwHdEKHqUdE5p0ZputzNAo0fjQ4PUUIXyMDDgLFTdgpBth8eryMeQ/SCiPAOS0HeQ5AOGDjCsMBHiWEFmigbodSLDWddwb6J4PcQQQ+JKFOBqVvlEEJfvT6oplO6pl27IJ1soAthRVJ1noVdPshORoezlyPhPwi9g9DeGZGa6wU4HBUgz1IDO6JOtIOSCUohkVxz4gKGHg4Ac0ZGYGO0OSdy3aj1TeNic8oANCc4QIc2u4KKjE1XIdEojKNR91J0I4BQKQBHIiLoqg1WTFEDJwMWnBkmNdn4MSVBZfuZwGXe3ApryDOaCzwEPQD7vVE4rHMkAmHMLqhcP0AyMkbghQ6DcNcZAdbefAOKaOkoCgkYJWwOnZLIeVYlAc+tCnIODgJ4QGSoPY7cBkx4Qh5fpI7YwAw67iEcI9QjoepeqYtX+poI5Rv2UQux0DTOoSo9YdGTvDHA4PXOc4Q6C8zDVOZ1ILSJQWOanK6c41IloDG4QJd3TumMMb6FkDKakXFwOOK4BGQLX8fXs6eBTdR6sMBDR6UdtibYBsUNTJQhwPnkgdCPnfwrJlXFXOwqsDtap3xJoHNUDFnwdOIXUp7cB1ON9DOuRyJhGcKBnrtZSu4MUALXUjd/DRrI9Y2csAgVIyzCEC4AwG3TKFtH0Q/Ok7kOzFMziiS7wGJMOGuaEjjogzYdAbYrteBBuDgYAJF8kxg4BiCZIcSCZy6oHuiMhDH1N4J9/cO2q8wh7DgIjA5vvKgeDB6+sG2EC+PgBDBEMM8+EN5Tj5AyCI0GAxhPwc1nMgFhD8rIQhSoP+EvSROScU4F6s7C6bgh9rdbwRANwHmKJHiMOQUw33vgio0gXRiKIkpEkRJ5cEKvV1E2CAq4mJxkeyOyIjZEQjUTRPEjlA+EGQCYAFi7uUFsQjU9P7BAV0ICJPE+5SRRANxQAqktSisgGwoQq4574BWqfifKlCRy7o6MaYSzZEBnYItDgzKrQeSOOGg9WZCAeOkOn4IvceZFKz/G5EAWzOIKKBEUD7F6P6CaWaovWOS3aCOAYMvOaEkPQJjtkC9XNEXico1hP0iKadzLTMxsVuhyDY4k5iC7XEGZCykCSclPKFmT8GAp6wkRAetUtNQLIxDJJ4Nnm2F2CNp3UF0FxPdKKnFADBHgDe5QcGvwMyqwxCHBKZOYCyeC4/BFrmb3AThAdLC7FFnrh4ARCT9q3FQpsBMsZXyesGiEBl0Bu/7IpLioAhFNqPlRcyDow7boX06eNo5orWiAd1CEOHOPQaXpPnAi3Hy3Ypm1hP8AJaEuT4Qi9h+FRsoKEh5uGU1+nERZAKOWIY/CZkA7khHNOrXUbFJ5kPV2Q7Z0q7p6BXYcxpPS9yNihSYQKAN+B8kz2QBey+Y6PXtiJbqnRtDYqOx8DQWjdq55ofkRUBpyOoEDs4zkTaJ8AoYVAvYpXMK+oQ9mnncKQyTIAAxnrzrUAhB7QQVQA2b+oK4RrCj14H+ATis+6Dgjc63FijLkMyJInwmXFhyRYuZzn4E06oGPCh5K/u3JRLeNjqmsIJAyAsNoB/KciURAPqxmFKt+sZC9FHy+YslhEQZhsJiGwiAL+wCHO6j0HIdCgaT16QJGiankzwzRw0vKQ7uUYOHpU7qj1wkoYorCQAsnZQkFz/oX5OXDEKdaqDUTkyJdSErJQaQ8kJAAAEAI58EKkVxPsCiRIdIuFRB6J/Jg+wFTOMjoKZIQdgYXF3iV4GYZQmeP3AEVIILi0FQg2I+lAK2RQAMJIxGEkalBptA6TNpQAgbJB5AQ9cQ9UWZTqTuRap0DEIKEMqS0/pAPCBAalDVq3H/Aab5EEGvkNJBBnIQ3Ivc5QuzYQRPlC9Fg1Q9HIhYC6uwDB36JRhv+bgPgjYvayQCwDKADewg6Fsashc0CUCmIjK2OQnmOJLB0J4ae6McyxxQF5hBLOUy5rntThKiewAfiaXbwSnMz3A8kweC2JFZoTnNEXMxoYAkN3mVD2KgRY4AMOyIQAuqKowSII25OQg1LNEKQFSZeUTkGUIaVRFoFwgiMXEBB+TQFLOiMx7vlBVStB0rMdjKA/mBG9AOPwF0RRCdy72MD3GYfoQIgGo4FEGgUXRHFI7nNyjm6wC1IG7qKhFoyJkzxa8LIYSkJYPUqKzBSKGCxHhDmVkAA9+ZyLo5Hi9iJ8SB3IwQn2Irp8qXeQFR/kNOPjOalwMPZghPcJw9ghTLiRiJDBBD0PAZzCVwXa7AS1OaGGXSGugVJ8LCfqEaFQAmSS80Xy2MEKf8AP//aAAwDAQACAAMAAAAQAAAAAAAAAAAAAAAAAAAAAAAAAAAAAAAAAAAAAAAAAAAAAAAAAAAAAAAAAAAAAAANIAAAAAAAAAAAAAAAAAAAAETSglAAAAAAAAAAAAAAAAAAAAQwD7fxAAAAAAAAAAAAAAAAAAAYaGHPdAAAAAAAAAAAAAAAAAAACzIIXyuAAAAAAAAAAAAAAAAAAAykQnHvAAAAAAAAAAAAAAAAAAA+uYxuSAAAAAAAAAAAAAAAAAAAFiANVg2hAAAAAAAAAAAAAAAAPNszuLBuXIAAAAAAAAAAAAAA6YThQSHFdoqAAAAAAAAAAAAAAypCXMyq837TAAAAAAAAAAAAAAzXooRFH+wX0AAAAAAAAAAAAA2Hi6IiKGLA7qqAAAAAAAAAAAChouoKySGBQvQAAAAAAAAAAAAEzzNbeGmePxvIAAAAAAAAAAAAA1fLlP8AErgi92AAAAAAAAAAAAABFexTmKpsEVMAAAAAAAAAAAAAEIuFsMgtnxA9AAAAAAAAAAAAAEGZ3hY94F+9zKAAAAAAAAAAAAAKugcay1Y+IXQAAAAAAAAAAAAAK9O801yb8WzwAAAAAAAAAAAAAABGJ0327WFQAAAAAAAAAAAAAAAAGk0+4wS7dQAAAAP/xAAmEQEAAgECBgICAwAAAAAAAAABABEhMUEQIDBAUXFhoYGxUJHR/9oACAEDAQE/EP58dUAWdsYwsBAwZcTwdrQXBVO8tovFsvBqZgnu7SwphBsI2DpGKbIxpL/b+3a3Si8oNHzrLYkpbhkhme1pK8UuVwDfP9O2MwFywy5b61gVdqzmtmX1MEa25bCnyTDZeX+wmzsWKI6yyxwoTKMPlixy6JgCn6YXrZC3XF0JYKpbWjTjBVaCjyYkXDCn5RFn1E9Ydd0MqmwR3EJBSW8Q7tl6F6HuUqDFynN0bsxk7AjO8B68dXwSzyS1RpMza8NIKdAwzG0w9XWeBLZdIgQjx+V4jrXibN/DrPAY4GEpnjPLhZiDZ9cNz1Xgq6kQAbY+5qfrlsU1yi+vD+qh1Xhj5hgF88tFWkKtjh5QYdbKKdxzD1xCe9Iskd71yA6OktMBs1yi24lqxL1goF3eu189xWGSG3fC4OqC8wStUrVQj3w0Pb8w6xd4TGjH4l8uS6jl2ylbYKtAlmyXr17HCKiuJypAkMwo6YI2uxXymEi35l7+yPKQQ+7IZRefN//EACQRAQACAQMFAQADAQAAAAAAAAEAESEQMUEgMEBRYXFQkcGx/9oACAECAQE/EP5/fafvjWcyxMMkD3zxqDaMauWTLNmXx4m0vEnDmK2EZQTO54jLzdYt5QaZZ+pdeGdLTaAFEdblPE9leJUqJcUqiDZ08XGL8QA6a4TGO857Thb6ZfnXpNseDeiDCYJRKZdbQOaC5Jq6CqKf8n7t3gAqlQL/AMlEbu8xvmKS9JT9jECh4iFFSa2Mtjv2ntHJ5QganyGJRgNFzYFUr0ymZVLLnEHeh0wXqCBYwzHKyl5jlBDufFh/BLG5mO86b2YQAwasAsq2Ji9HZ+w7jFiUksKl5HowbxFn3y6KhZZ+k24GJrgPcFPR2fvgMA8SysToxblBpkbDupHGY0Vnho6LRFDGTUrBDvDV9x5LV0ARQolCG5N/vnlDBJSZbLgWyztL3axJSlwCvvv362Jtvsf7ZXRTxMhKnIpan4M74IuYc/7Ms7tXUsdT9D4irwKlVunOAYQ/0+E9TiUN8y4Or//EACsQAQABAwMDAwUBAQEBAQAAAAERACExQVFhcYGRobHBEEBQ0fDx4SAwcP/aAAgBAQABPxD/APYpqaU/jZ3FIMklAKmgrko7SaGyE3Ot8ztK8QoKIpBeQqTf8WulqBZ2Vu+CmYwvd9cfi+nlbllDwRx1qk86G/GLU0Ckj52sQcLm3WNElsnWmbkdwJuQ3Ds1kc+ZNEeRk/EtilL20aQbGq6BRNRe9MiLWNsbqWorRtjduDaMWlXYuaRGbX1okPDJNjvipCGuk2IU5GeGoIEdosGaRE1C5yQneUck3s1mUF3BPXL9qH8Rn6VjnoL4NYd/rfTTtkHKrePX21LBOo1OM1pv4s2iTFzUtehXDWER6XTrioMvREXde2e1RdaN71vlVXvRXYCKRQVDaYvzToTBzOT5H/tNVYQ1eq5GSi5+HzVFCIxtvw0PMAy1ED+atr+ESdbsVFy9W709dHxTTD6jemgHzn7U4z1pqgEKX81N/KbuBx5uP80fvtkXPZ7ViGDI66Po+aG34duUyqAQysox1rBCfHW/o+lMkwWBvL/2nbvrAz1fmasIizGnwaHvWCtWWkWOBLMU4vdEzNGhOWx9LSRZrw8/Ul9Ki01xzk6jbtR+GTTxlknSJRZlYbU9eTvMHl9KzY1xB2A10600li9HS8f9pbmxl8c0GKaz041t2ozATELYdujQtQJI3gyF/FRkmUITPX5801l0ZXw+j5pyfw6ECZjYa8WKCtLK9XtKZjxTkNE2rjY7x6UFEpEzH/lTTfNDYsHu1arcbLCTEzp/cURphtJXZwHGLTr1opKMIMwG5PFTKmFkyP6tFRGuhJwdEk6zQeFVw0fhjuYfx8GNPMDZE3oWyWJsFMKkI5inJ2ObYm1jxU3E4b4qV7Q2JSJv0pyuUon+3zRIN+aBIvvao58vtkm/H+UX71vesvMMPRaeT1SufYW/4cAmWB1VFc6l9K/zbt/mrxtU8xlhLe/9inAgGzgFo4xDftWsHjhIHa1qtndfHVk1CmebINAVVgZjcubUWiCypHyd35KIxLLkSfwxYQV9GpB7v8LnxXQV6VKEIuzWjJ2dx8RauthYC6g520Vnibg+p7Gpu7JkY2O4qOHB0nJgXyWl8UovsMi0yQPNS+lshLKVqJktUHRYd0tMdFrJqukxFHc/DO9C+yMcKPoaIvFpqyLc72mkvUYAaZrOJHUCgl+qDK5LVCT4poyQ20v7pwRR7c2vU4gbXiRuuB4JtLemolC0276eGSiicKxSYYyJEo4tkSjV6Jxr0ELdI6S0SQ1v0L76EH4Zo61lfrnt7kAXW1Kk+wQDG87YltTI8GdtguzX/tLjR/wZCI6Ynao2hK5mfHuVDSw9eLnmkyxGkNt9eADfm5RX4CTHSPCsxoc1MoUCVZ2WL2jBUHymRhXDOQiMJOcUThMST2MPMNA1G4GRKndU/hX+6o5BeF4J2hKBCSSSYoDaj32Kh4mNJrv1Z7RUz9nyzz4B7vFYsWGcEj4tR/SSIRFifWjqueTN86rGrs0PJWzS03l4CggpB66IZTsG8i96nWpw3IdeslO7hFn/AJ7+FN2Irs+/w3pwWfhVE+amiX4ISdsYRMLb3+iUJGV4qSFI33EQniagpaBGWWA9V2qzQaL3kfKbQpen3I9yQgLeIjQ+iKReLj/zlypRW+DDOyNTXIVY7JTRpGAU06du+81CjKUujp8Ka1ub9cOyaPD+DQJQp/rsmA6LLqmPLZG0a5J09bW170lYikc3PKGJSX87x0zSYJl86sQe9Klyy5WDN3zytAQILLpCBe9X3MVbsObdv0M3JLO6upihNszzMBxT6B4w04w+WphFxaFIdPPFk2oCzIMw1tyKAyb1FHerniGC6e1oajJJfv8AZV4fgBzFKrAFXoupy/mev14JPdAbnzvjSkrj8wbWXQ01dt6Is4xtZvUOd1qIvNlyMJpR6zEAkguKtt2uCAO3A6ULOSJk9fwd3SoW+3dRkwRAhxFHOSkT39KPz9YocIEYRMI5E3zWuyCmiQIS7033Nav2fJlt2axMCdEt76UrIuRn78iWdqBpSvbW4d4Vd0jA0N5881J5sPXx0d+DqVOlZz3sJ1Je1Dm7AFYPwAQyjostJmovPttC09ZpuZloBt1P1QUbAi814l7RSnroIjccN0mibqW5e8D3rT89Nfj/AMY4usvUhpolyXb4U13J1isxIHeaP0HvV66/v84o++h7oC3/AHB4UNsFE4nn1vLeomUgkt7SLEykzxT+N5l8vH6CnqwclsHkpcs9AR5i+lX8dnLH1l5z1qEEG6Qzc29SnxxWZHo08MaRrexS8+T7m8vBMB2qT/RsIj3PfU+SKXQfgoyLHpveYwDdSAloUT2aaLFoUNK7QhV9KYT6UFkSQG9o+a8kJAPoT5oB84Zzct0R80hs+9aAVWQA1q2buYvMGhqdA0pSPbmw2+0n2o0JBuyruuqt1aimK1O4DyLyFQbR9FS9NfqkqQoMNjInGaczvSzRB81rW5exL2qYADXOmJbyHFqWk2pwYENuzmGZQhFnVtL3JLL2KmBZQLdZzyLwVM00JYgoCWOF6UYiKWG+XRqxN1dS4POqYzN2f6aQlmhpPDPWL4qdIMm44+8aJFjl2/i8jRA521AwnhoiBLeZzj0D9ai1GY1hGJS1xJcnElT8OQu2HFnI6ncp7gA7o6St8lNmsE76z4fSh2swxk5ORh7Vv0oGOh4feaZuTsa37HZp5o2NmP8AfHjoYcseCZVpHrqbLIdogtxfWkyzMpErK+XL0pmmQBaIjfRtRzHAgXlSddKhSw+kMvrbtVvwTGnMc0REDfW69tPPA5u/8vvM8bUhSTL0kt9ZdjSoiwJqrem/asHuHhBB5Hx+sqBlMHsXUdHhaEynpJyME0cj0oy9L46w05CymOSByJaz3R7c0WKYpiCnmy96eaKKCdnJnyParqkk8MenIqaxpYWBq8GPd808iV+SRL0SkvQ5pTRIdyY3UXpNWnQ2G5JmUNO7QiIDh/eX4o7W8e5n2iodh3yP7700tJ0yPvAKAzb3Pb9uouNBsBBQwiMI7VbWZjgp9cCVOemj9EmJl6VymOk8+teTrU4wfA2PZqFbE2MSJCdz4qWFxENNtGCsJFDJvEm/7knSdyQJ0pnKm3RfVqaNYVScueYKEm1iaTd94oAQYqbRuwlfeAyFpLLzTYlCX82axQu5pr/adKfYxRcU6bSJQxTwp8fTKKPt3fg70mqQIZNHdKvlb07tLIDp/F+1IZkJE1N6aW0UyXoSBHQMoXrL2aIEYNNqmpqd6DuVsfBmpUtBLUjBxU0T8MoNCP8AKCA/Vo+6f25Ph3UKxk3rZ+8q09qXF8VJKxVwRd9CsXCuirS2rP4ruLvsVKuy7kqIT1qa7xUPaOuaPSi6/wBM3b1bKaNoPuJ3rH0QbcfWzwCWurgOYGhClxcafVHvU0g7Yk7H81IDczoRXr91nF0XDJ66dXvWZUqf4NZJFiOra2aZOZMesVNSwwO9n0rZhjjilO3I7kP7qU91aA972KYfQEnoTPe3zUpjHqGD0NT/AJO05PPv9XaXtG0b8Hf60P2M6sv3K0bB9W/P7pxTxCI++b0ZAddKEPjPTNX3di1dMk00MajJfaZw1bqICM6Op64dO/NTajXJkHrY9q1ERHSL0PJLXJEPvQjKIk6VaMoicl/imk2Nxq5aouuMncP7Wp9wg9aj4APxa/HilhvU0wyp9/6S9gSXjWlFILGsR6V1CSe9+H3UphrbW57EvanbjNrEwdhvutSEAgkxaV27HmlbnA+lFo6FNObINhlb3wRPNNARoGEKfl701t1aNq6LIwetMcYftUWZVj2p5uT/AIp3WtqfMll4x6VoODfSmTym7s1N6h1iU8zRrMntlvp2r+v6EiHc7ikUQJU1AxSyfuqCIwq//dWO9WeCQIzefFWO6kk7FHSpfHeNguu1Wz2bO0uAJIb0psxevThpHfNRajb+oK3qc3PwporLNDBuCTuU6VgH5KFUbLT/AH8UILHu0WQhAelRlGzsqval/EueHvfRmhNaTx9EVKWmxaerQTjVxlvjDRIpAZTaeyU5+5Q2WFsGyOgYR3KUUZxA0ibazRkrWJYbwUJbtw+PZfaKtAduuN9O1ZiViiTfqRjaKcFKRR3kTceKapLNhonCVKsFt4U/ZSXoJhs6nmo1wOkFhBnpTN5Fzmp1IEvb3+lEbk4plproyRm9u9oVxqOEGBfAkc0YMfptIy9F6H4+iMxAXgv7vpUFqwmpP56qDBc4eH0fStX3TWYkyTXOR1HNCQai8mTAjh6Xp6nYlgz3S3FT15nNehR+35QSWhOb17VwpQ47SicYOractSemD3kxfp76LLx8O9NuCM1MIxH6cC7QCzeIdDH9zVoaoqaWJZgN6jj1zzTXkCApuraLdWlFX1GUT5rZYc7zj7NTEASHL0DlaR4TeNXd9aVYIrO7E9UpDSEQ0ID3SsPukmo/toe7HlXN7lRkFk8GRbqj71m554XxOxytDdwYK62EwrItihMHGaZbW8dUQzU7UiByLfdakH5YrwW7TF607lkXQMNDFZODE7n0dSZapMHX9USuqKIg2bmtNXKGrpQGYWbG3uqN2VuDB5mD/eTom7c/rWWRwYDn8z9BCFcwRQ9GF7wb02JtYuCzPQpz93q5I+Kb8JFbsz8qtR/obcRXG0FJ5agFAFQUE+hsRvLrR1zrYFsNyFux2rc3zCfNGZj2m/7ELMZtVusmNhfyQ/UpgWJbaj3XboVAGXoVLCLIGrsUyC7YtNirzzJMriOvAc1PjmeOI6Fg6U1A+dBP5KfTHrntnrd70o5S0TITcrKYDemUq9lWV5r+dvTJ92ZBjDmoSbseo2WNFWK35z722oxl5vFymYkbKDkxMMyEkLJSmYspaXGpujIE8zmc9Q3qBNB+GCC8ZdpCjQSQI1pjpbxTn6AxyfU4onbffX3pbPAQVJRQnGUjddlzG8rghsEPrseGpnSJfy/z41PqDV0w8/ujG4wnLfwTUSOYmzBg7Zqz0b3VGPAzQPv6M3uelf3N6G33ZlNyreNboYI7t70slgcX9A7u9WwNE02zefhalvofhJQTsTUKe7JaYo7pkVSUE2g55qWK0nseHfZimvlw3VXXitasUIY7KCyw0zENh3f+fNWlCark0sYl1aE++TWJb4F70PAb67HYg7UenhHIMziILFQgzizpuOEWisFSJfVu6yrUrCjYcs7BW1/WFsJ2Sv42/wB6DqhXsz+yVAWV2aqhstYCz+qnrRW4mejX1GoEUed8WnYnlq7HY71I9sUqgCUk5KJbUow1FGkIbO27RSli41qJ1q+Ht+AJmjJiJx4BRSWL1CBeEHcnTV06u4B2yeZmsqh4pw8MAb6VbhZaHM6hMXW9auVlMgZzKLBBBSNkEhxOrasQMak/mlp93n6URbo9IiXgBfY71YBM2aAkZWRJGkvYEA2f6qRumHiJqbAs1hDy9p+1Gyxy2/FnpQnngDPM1NdnJHwx6VfzABZsRvkqFfZWXsjR6eoJ094tCZUsSvvOfNFAvQB9tUKe1IolP7Q0+WIXhbNAwUe1t6li5Le8XojB/sr7dLQeDmp6Y2vRvQmP/Kj5Fs73v5bdqBgfjz2IO1FM/dtMILDx8tnShzeCkfAHqXNSokq7Hmo475LshHg0WRD+148T6VY7VwxcC8TomJ4hz81+82mwz4j2tPte/oR0wHeCycxl0KFLCHG+PxU9WhZLj1RsGdchRl3RwJZto32+brxKsiumTSAWuMkTlNKrlL0tvZrHemmT7U2C0RDkEiyZtU+pZa76OelHkLUzn4WXmUd/UWw7J2r3PvhEQ6jobbGhNGEz5ecSOjUxYriI79QPmmBx5BJB0sHeudE+TmwqWY5mmIAacujjSYQZiHos+20DM/B2w17FFyCzB2XtTtPx5udvrXgBUPHIZJezTtejWscFR3K97ecRtJVgBw1+lYSLM5fKOylj1FwBmMbY2pOT3B9u9KesGwPr8vfNu1SnaLI2Y4DdbEG9M1BlkU/VbtqJbpItbHrnj78YZg/nY6DedJmiuUxQR5izlnjWp+RNs4U9eEns0YFhBtKv7pRwa87REF3bBS/QBm9MeO966b1Cb4CAOCmhG5OVuOjREYyjo2P2zilk6ZEzZzxcHFJ2rxVMfW+RKd6fyPi4jwlTqlM4kFrjADtOgNs9BpmsYDIy67kgzcFhyQHrtodWjqOZl3iru+pUki7QrvSCEx1Ruvd/rUp3YUmAMb9+7xTW2yAy/wA6tC33utCYuNqU68nj5F3WKNR9TevgAYFIkiSb0VVXOUhgnxc0Bkuu0mB1absJZ6mf10P/AA8y7Tm2kYBEnpNlLxBWa2ohTg35agJ1gh9QlpmAkX0FiagbmzUZWKA5kjLEV47+eo3zFGUXizdJLpUdrMzKKTWZ7JCWauBhZ6tNGcSI2bRBWPv4v9MNRHSgWZi3To8UMY0IHN/XY71hH0NFgoJM7BdVYoIQE3Oi0C5pzOMEm48cNRCHXelB8VGyTzOFMcDipJUGGWjJooTDSgwZEZhWwpJz2NDpASxJut3se605TdgcOQZE83+n/oPwLWLrpq8+VjTdXS8tebHAU1cbWFV2ChmR9PtwwHd7UDq9LHbHpUz0zxWBAV0NaLPUupd1MsGJtMaUd4FLOkj3vPFaMAH+1n0ohS5EHlqVMIum1SLxcSM541xSJbsIhWxokyXcNyh4Gf2wHMYswySt2FZMzLCnWcTa8HT8EZGOUzt50r4UILVj5OaCGrTQA3WxTHRuUm+XnsbVYZkjYkC4ALu6qnkeFF0zocYoiqWdF7FuPDXxTRZoMRBnvmN7BUUQuWUOM9JjM9QpeBP4LjMbNOkldqkpZDhEmWNLVHbdl0L9FmlgCJZ3qPwNxEPDDOTweX/6Vo3pAJdUcVC3RFmO6ALzWnXCWdvTzk0aiROBSE06c10zSClEIX6QXAS3DJoDy9PSA9cUGICU3tUf2k00kGoDQIeIo4SGwNpMvuNXrupE94DTn/5v/9k=', 0),
('a7b06900', 'Rellik Jaeger', '12345678', '', 1),
('userid1', 'Arunoday kumar', 'password1', '', 0),
('userid2', 'Kapil kumar', 'password2', '', 0),
('userid3', 'Ashish Singh', 'password3', '', 1),
('userid4', 'Shivam Malpaani', 'password4', '', 1);

-- --------------------------------------------------------

--
-- Table structure for table `users_details`
--
-- Creation: Dec 09, 2021 at 12:11 PM
-- Last update: Dec 12, 2021 at 07:43 PM
--

DROP TABLE IF EXISTS `users_details`;
CREATE TABLE IF NOT EXISTS `users_details` (
  `user_id` varchar(255) NOT NULL,
  `user_email` varchar(255) NOT NULL,
  `user_phno` varchar(255) NOT NULL,
  `user_addline` varchar(555) NOT NULL,
  `user_pincode` int(20) NOT NULL,
  `user_joindt` date NOT NULL,
  PRIMARY KEY (`user_email`),
  KEY `user_id` (`user_id`)
) ENGINE=InnoDB DEFAULT CHARSET=utf8mb4;

--
-- Dumping data for table `users_details`
--

INSERT INTO `users_details` (`user_id`, `user_email`, `user_phno`, `user_addline`, `user_pincode`, `user_joindt`) VALUES
('userid1', 'arunoday@gmail.com', '1111111111', 'Address of arunoday', 111111, '2021-04-24'),
('userid3', 'ashish@gmail.com', '3333333333', 'Address of ashish', 333333, '2021-04-24'),
('userid2', 'kapil@gmail.com', '2222222222', 'Address of kapil', 222222, '2021-04-24'),
('a7b06900', 'rellikjaeger@gmail.com', '09691829293', 'Myanmar, Kyaukse', 5151, '0000-00-00'),
('0c975dea', 'serialboylay@gmail.com', '', '', 0, '2021-12-09'),
('userid4', 'shivam@gmail.com', '4444444444', 'Address of shivam', 444444, '2021-04-24');

--
-- Constraints for dumped tables
--

--
-- Constraints for table `orders`
--
ALTER TABLE `orders`
  ADD CONSTRAINT `fk_user_id` FOREIGN KEY (`user_id`) REFERENCES `users` (`user_id`);

--
-- Constraints for table `orders_history`
--
ALTER TABLE `orders_history`
  ADD CONSTRAINT `orders_history_ibfk_1` FOREIGN KEY (`order_dish_id`) REFERENCES `dishes` (`dish_id`),
  ADD CONSTRAINT `orders_history_ibfk_2` FOREIGN KEY (`order_user_id`) REFERENCES `users` (`user_id`);

--
-- Constraints for table `order_items`
--
ALTER TABLE `order_items`
  ADD CONSTRAINT `fk_item_id` FOREIGN KEY (`item_id`) REFERENCES `dishes` (`dish_id`),
  ADD CONSTRAINT `fk_order_id` FOREIGN KEY (`order_id`) REFERENCES `orders` (`id`);

--
-- Constraints for table `users_details`
--
ALTER TABLE `users_details`
  ADD CONSTRAINT `users_details_ibfk_1` FOREIGN KEY (`user_id`) REFERENCES `users` (`user_id`);
COMMIT;

/*!40101 SET CHARACTER_SET_CLIENT=@OLD_CHARACTER_SET_CLIENT */;
/*!40101 SET CHARACTER_SET_RESULTS=@OLD_CHARACTER_SET_RESULTS */;
/*!40101 SET COLLATION_CONNECTION=@OLD_COLLATION_CONNECTION */;
